ReviewID,ProductID,Date,Rating,Description
RV0001,PD0013,2024-06-10,4,Our birds enjoy Bird Perch by PetMaster. High quality and nutritious.
RV0002,PD0016,2024-06-22,4,My cat is delighted with NaturePet Cat Litter. Great quality!
RV0003,PD0022,2023-09-20,5,My cat is delighted with FurryFriend Cat Treats. Great quality!
RV0004,PD0001,2023-09-06,1,My dog loves FurryFriend Dog Food. It keeps him happy and healthy!
RV0005,PD0004,2024-05-05,5,Our fish look brighter with Fish Flakes by PetLife.
RV0006,PD0004,2023-07-11,4,Our fish look brighter with Fish Flakes by PetLife.
RV0007,PD0008,2024-03-07,1,Our fish look brighter with Fish Tank by HappyPaws.
RV0008,PD0010,2024-08-01,1,My cat is delighted with PetLife Cat Bed. Great quality!
RV0009,PD0020,2023-02-11,3,The Reptile Heat Lamp by NaturePet is a fantastic product. My pet loves it!
RV0010,PD0022,2024-03-16,3,My cat is delighted with FurryFriend Cat Treats. Great quality!
RV0011,PD0019,2024-07-20,2,The Hamster Wheel by ZooComfort is a fantastic product. My pet loves it!
RV0012,PD0005,2024-01-02,4,My dog loves ZooComfort Dog Collar. It keeps him happy and healthy!
RV0013,PD0024,2023-05-04,2,Our fish look brighter with Fish Decor by PetMaster.
RV0014,PD0007,2024-09-23,1,Our birds enjoy Bird Cage by AnimalCare. High quality and nutritious.
RV0015,PD0025,2023-07-10,4,The Pet Shampoo by FurryFriend is a fantastic product. My pet loves it!
RV0016,PD0025,2024-04-02,4,The Pet Shampoo by FurryFriend is a fantastic product. My pet loves it!
RV0017,PD0013,2023-12-25,1,Our birds enjoy Bird Perch by PetMaster. High quality and nutritious.
RV0018,PD0002,2023-09-12,5,My cat is delighted with FurryFriend Cat Food. Great quality!
RV0019,PD0007,2023-03-22,4,Our birds enjoy Bird Cage by AnimalCare. High quality and nutritious.
RV0020,PD0008,2024-03-04,5,Our fish look brighter with Fish Tank by HappyPaws.
RV0021,PD0024,2023-11-23,3,Our fish look brighter with Fish Decor by PetMaster.
RV0022,PD0015,2023-02-27,5,My dog loves FurryFriend Dog Leash. It keeps him happy and healthy!
RV0023,PD0025,2023-05-10,4,The Pet Shampoo by FurryFriend is a fantastic product. My pet loves it!
RV0024,PD0018,2024-12-29,4,Our fish look brighter with Fish Net by PetLife.
RV0025,PD0006,2023-04-12,4,My cat is delighted with HappyPaws Cat Collar. Great quality!
RV0026,PD0014,2023-09-19,5,Our fish look brighter with Fish Filter by ZooComfort.
RV0027,PD0009,2024-10-17,4,My dog loves PetLife Dog Bed. It keeps him happy and healthy!
RV0028,PD0010,2023-01-30,5,My cat is delighted with PetLife Cat Bed. Great quality!
RV0029,PD0021,2023-10-13,3,My dog loves FurryFriend Dog Treats. It keeps him happy and healthy!
RV0030,PD0020,2023-01-02,2,The Reptile Heat Lamp by NaturePet is a fantastic product. My pet loves it!
RV0031,PD0017,2024-10-02,5,Our birds enjoy Bird Feeder by PetLife. High quality and nutritious.
RV0032,PD0020,2023-10-12,4,The Reptile Heat Lamp by NaturePet is a fantastic product. My pet loves it!
RV0033,PD0006,2023-09-23,5,My cat is delighted with HappyPaws Cat Collar. Great quality!
RV0034,PD0016,2023-03-11,1,My cat is delighted with NaturePet Cat Litter. Great quality!
RV0035,PD0016,2023-05-01,1,My cat is delighted with NaturePet Cat Litter. Great quality!
RV0036,PD0001,2023-08-03,1,My dog loves FurryFriend Dog Food. It keeps him happy and healthy!
RV0037,PD0019,2023-04-25,5,The Hamster Wheel by ZooComfort is a fantastic product. My pet loves it!
RV0038,PD0004,2024-07-27,3,Our fish look brighter with Fish Flakes by PetLife.
RV0039,PD0025,2023-05-22,3,The Pet Shampoo by FurryFriend is a fantastic product. My pet loves it!
RV0040,PD0018,2023-07-01,1,Our fish look brighter with Fish Net by PetLife.
RV0041,PD0020,2023-08-22,3,The Reptile Heat Lamp by NaturePet is a fantastic product. My pet loves it!
RV0042,PD0020,2024-11-27,1,The Reptile Heat Lamp by NaturePet is a fantastic product. My pet loves it!
RV0043,PD0020,2023-02-25,4,The Reptile Heat Lamp by NaturePet is a fantastic product. My pet loves it!
RV0044,PD0015,2024-09-06,3,My dog loves FurryFriend Dog Leash. It keeps him happy and healthy!
RV0045,PD0008,2023-01-04,3,Our fish look brighter with Fish Tank by HappyPaws.
RV0046,PD0001,2023-03-26,1,My dog loves FurryFriend Dog Food. It keeps him happy and healthy!
RV0047,PD0002,2023-05-20,5,My cat is delighted with FurryFriend Cat Food. Great quality!
RV0048,PD0010,2024-06-16,2,My cat is delighted with PetLife Cat Bed. Great quality!
RV0049,PD0001,2024-09-02,4,My dog loves FurryFriend Dog Food. It keeps him happy and healthy!
RV0050,PD0011,2024-11-22,3,The Chew Toy by AnimalCare is a fantastic product. My pet loves it!
